cell_type,patient_id,age,sex,het,broad_cell_type,type,cell_order,normalised_cn,pnums,log_cn,verbose_broad_cell_type
CD11c+ mDCs,C10,23,NA,NA,Dendritic,Control,12,NA,NA,NA,Dendritic
CD11c+ mDCs,R024,60,F,15,Dendritic,Patient,NA,3.915626274,P14,0.592801234,Dendritic
CD11c+ mDCs,R025,45,M,24,Dendritic,Patient,NA,NA,P15,NA,Dendritic
CD11c+ mDCs,R016,36,F,21,Dendritic,Patient,NA,8.586716684,P11,0.933827134,Dendritic
CD11c+ mDCs,R012,66,M,5,Dendritic,Patient,NA,19.40187098,P09,1.287843612,Dendritic
CD11c+ mDCs,R009,51,F,14,Dendritic,Patient,NA,19.99233709,P06,1.300863566,Dendritic
CD11c+ mDCs,R010,56,F,10,Dendritic,Patient,NA,NA,P07,NA,Dendritic
CD11c+ mDCs,R006,51,M,19,Dendritic,Patient,NA,NA,P03,NA,Dendritic
CD11c+ mDCs,CF,34,NA,NA,Dendritic,Control,NA,44.42604751,NA,1.647637677,Dendritic
CD11c+ mDCs,CC,43,NA,NA,Dendritic,Control,NA,NA,NA,NA,Dendritic
CD11c+ mDCs,CD,33,NA,NA,Dendritic,Control,NA,52.01284762,NA,1.716110631,Dendritic
CD11c+ mDCs,C9,22,NA,NA,Dendritic,Control,12,NA,NA,NA,Dendritic
CD11c+ mDCs,C4,58,NA,NA,Dendritic,Control,12,3.140358874,NA,0.496979281,Dendritic
CD11c+ mDCs,C11,23,NA,NA,Dendritic,Control,12,37.46086191,NA,1.573577765,Dendritic
CD11c+ mDCs,C12,24,NA,NA,Dendritic,Control,12,NA,NA,NA,Dendritic
CD11c+ mDCs,R026,43,F,27,Dendritic,Patient,NA,18.79139181,P16,1.273958948,Dendritic
CD11c+ mDCs,R017,31,F,37,Dendritic,Patient,NA,NA,P12,NA,Dendritic
CD11c+ mDCs,R013,24,M,63,Dendritic,Patient,NA,1.770590649,P10,0.248118166,Dendritic
CD11c+ mDCs,R0149,18,F,67,Dendritic,Patient,NA,14.10914063,P22,1.149500562,Dendritic
CD11c+ mDCs,R011,41,M,35,Dendritic,Patient,NA,NA,P08,NA,Dendritic
CD11c+ mDCs,R007,61,M,11,Dendritic,Patient,NA,3.685554757,P04,0.566502868,Dendritic
CD11c+ mDCs,R002,60,M,21,Dendritic,Patient,NA,22.8121096,P01,1.358165449,Dendritic
CD11c+ mDCs,R004,58,F,24,Dendritic,Patient,NA,NA,P02,NA,Dendritic
CD11c+ mDCs,CE,40,NA,NA,Dendritic,Control,NA,52.06027526,NA,1.71650646,Dendritic
CD11c+ mDCs,CA,35,NA,NA,Dendritic,Control,NA,NA,NA,NA,Dendritic
CD11c+ mDCs,C7,57,NA,NA,Dendritic,Control,12,NA,NA,NA,Dendritic
CD11c+ mDCs,C8,69,NA,NA,Dendritic,Control,12,32.52641239,NA,1.512236164,Dendritic
CD11c+ mDCs,C3,24,NA,NA,Dendritic,Control,12,NA,NA,NA,Dendritic
CD11c+ mDCs,R027,46,F,11,Dendritic,Patient,NA,20.38214147,P17,1.309249812,Dendritic
CD11c+ mDCs,R023,24,F,33,Dendritic,Patient,NA,NA,P13,NA,Dendritic
CD11c+ mDCs,R044,20,F,62,Dendritic,Patient,NA,47.66630627,P19,1.678211499,Dendritic
CD11c+ mDCs,R067,25,M,55,Dendritic,Patient,NA,NA,P20,NA,Dendritic
CD11c+ mDCs,R081,65,M,14,Dendritic,Patient,NA,NA,P21,NA,Dendritic
CD11c+ mDCs,R008,31,M,4,Dendritic,Patient,NA,28.86512368,P05,1.460373423,Dendritic
CD11c+ mDCs,CB,40,NA,NA,Dendritic,Control,NA,32.45004606,NA,1.511215318,Dendritic
CD11c+ mDCs,R028,24,F,41,Dendritic,Patient,NA,8.665012888,P18,0.937769213,Dendritic
CD123+ pDCs,R024,60,F,19,Dendritic,Patient,NA,29.30209769,P14,1.466898712,Dendritic
CD123+ pDCs,R025,45,M,29,Dendritic,Patient,NA,16.1939758,P15,1.209353486,Dendritic
CD123+ pDCs,R026,43,F,21,Dendritic,Patient,NA,25.87796377,P16,1.4129301,Dendritic
CD123+ pDCs,R009,51,F,19,Dendritic,Patient,NA,35.21571249,P06,1.54673648,Dendritic
CD123+ pDCs,R010,56,F,9,Dendritic,Patient,NA,NA,P07,NA,Dendritic
CD123+ pDCs,R011,41,M,37,Dendritic,Patient,NA,NA,P08,NA,Dendritic
CD123+ pDCs,CC,43,NA,NA,Dendritic,Control,NA,13.65651194,NA,1.135339789,Dendritic
CD123+ pDCs,CD,33,NA,NA,Dendritic,Control,NA,13.68595242,NA,1.136275026,Dendritic
CD123+ pDCs,CE,40,NA,NA,Dendritic,Control,NA,28.87556983,NA,1.460530563,Dendritic
CD123+ pDCs,R027,46,F,13,Dendritic,Patient,NA,4.838500028,P17,0.684710748,Dendritic
CD123+ pDCs,C10,23,NA,NA,Dendritic,Control,13,NA,NA,NA,Dendritic
CD123+ pDCs,C11,23,NA,NA,Dendritic,Control,13,47.14651245,NA,1.673449572,Dendritic
CD123+ pDCs,R016,36,F,22,Dendritic,Patient,NA,37.33070498,P11,1.572066192,Dendritic
CD123+ pDCs,R012,66,M,5,Dendritic,Patient,NA,4.636366451,P09,0.666177755,Dendritic
CD123+ pDCs,R028,24,F,43,Dendritic,Patient,NA,16.4368148,P18,1.215817662,Dendritic
CD123+ pDCs,R044,20,F,66,Dendritic,Patient,NA,4.187848285,P19,0.62199094,Dendritic
CD123+ pDCs,R006,51,M,17,Dendritic,Patient,NA,NA,P03,NA,Dendritic
CD123+ pDCs,CF,34,NA,NA,Dendritic,Control,NA,5.254221885,NA,0.720508409,Dendritic
CD123+ pDCs,R013,24,M,60,Dendritic,Patient,NA,28.85635523,P10,1.460241476,Dendritic
CD123+ pDCs,R0149,18,F,70,Dendritic,Patient,NA,2.2689309,P22,0.35582127,Dendritic
CD123+ pDCs,C12,24,NA,NA,Dendritic,Control,13,NA,NA,NA,Dendritic
CD123+ pDCs,R017,31,F,39,Dendritic,Patient,NA,NA,P12,NA,Dendritic
CD123+ pDCs,R002,60,M,21,Dendritic,Patient,NA,2.576615526,P01,0.411049619,Dendritic
CD123+ pDCs,R004,58,F,25,Dendritic,Patient,NA,NA,P02,NA,Dendritic
CD123+ pDCs,R067,25,M,52,Dendritic,Patient,NA,NA,P20,NA,Dendritic
CD123+ pDCs,R007,61,M,15,Dendritic,Patient,NA,49.35971539,P04,1.693372647,Dendritic
CD123+ pDCs,R023,24,F,33,Dendritic,Patient,NA,49.22790595,P13,1.692211362,Dendritic
CD123+ pDCs,C7,57,NA,NA,Dendritic,Control,13,22.23048705,NA,1.346948978,Dendritic
CD123+ pDCs,C8,69,NA,NA,Dendritic,Control,13,6.958497145,NA,0.842515453,Dendritic
CD123+ pDCs,CA,35,NA,NA,Dendritic,Control,NA,NA,NA,NA,Dendritic
CD123+ pDCs,R008,31,M,5,Dendritic,Patient,NA,17.99584265,P05,1.255172187,Dendritic
CD123+ pDCs,C3,24,NA,NA,Dendritic,Control,13,5.656074116,NA,0.752515092,Dendritic
CD123+ pDCs,CB,40,NA,NA,Dendritic,Control,NA,8.538463219,NA,0.931379712,Dendritic
CD123+ pDCs,R081,65,M,30,Dendritic,Patient,NA,NA,P21,NA,Dendritic
CD123+ pDCs,C4,58,NA,NA,Dendritic,Control,13,3.53568345,NA,0.548473376,Dendritic
CD123+ pDCs,C9,22,NA,NA,Dendritic,Control,13,4.121530531,NA,0.615058521,Dendritic
CD14+ Monocytes,R024,60,F,15,Monocyte,Patient,NA,12.55907399,P14,1.098957619,Monocytes
CD14+ Monocytes,R025,45,M,28,Monocyte,Patient,NA,15.98647238,P15,1.203752642,Monocytes
CD14+ Monocytes,R009,51,F,17,Monocyte,Patient,NA,NA,P06,NA,Monocytes
CD14+ Monocytes,R010,56,F,9,Monocyte,Patient,NA,NA,P07,NA,Monocytes
CD14+ Monocytes,CC,43,NA,NA,Monocyte,Control,NA,10.15268148,NA,1.006580761,Monocytes
CD14+ Monocytes,CD,33,NA,NA,Monocyte,Control,NA,7.725272993,NA,0.887913835,Monocytes
CD14+ Monocytes,R012,66,M,4,Monocyte,Patient,NA,NA,P09,NA,Monocytes
CD14+ Monocytes,R013,24,M,55,Monocyte,Patient,NA,44.34184503,P10,1.64681376,Monocytes
CD14+ Monocytes,R0149,18,F,66,Monocyte,Patient,NA,4.396620531,P22,0.643118984,Monocytes
CD14+ Monocytes,R026,43,F,26,Monocyte,Patient,NA,30.70149851,P16,1.487159573,Monocytes
CD14+ Monocytes,CF,34,NA,NA,Monocyte,Control,NA,NA,NA,NA,Monocytes
CD14+ Monocytes,R002,60,M,16,Monocyte,Patient,NA,8.504985972,P01,0.929673602,Monocytes
CD14+ Monocytes,R004,58,F,20,Monocyte,Patient,NA,NA,P02,NA,Monocytes
CD14+ Monocytes,R011,41,M,35,Monocyte,Patient,NA,NA,P08,NA,Monocytes
CD14+ Monocytes,R027,46,F,12,Monocyte,Patient,NA,41.37863461,P17,1.616776156,Monocytes
CD14+ Monocytes,C10,23,NA,NA,Monocyte,Control,10,NA,NA,NA,Monocytes
CD14+ Monocytes,C11,23,NA,NA,Monocyte,Control,10,NA,NA,NA,Monocytes
CD14+ Monocytes,CE,40,NA,NA,Monocyte,Control,NA,21.6885855,NA,1.336231229,Monocytes
CD14+ Monocytes,R017,31,F,38,Monocyte,Patient,NA,11.42232637,P12,1.057754565,Monocytes
CD14+ Monocytes,R028,24,F,43,Monocyte,Patient,NA,6.787593454,P18,0.831715822,Monocytes
CD14+ Monocytes,R044,20,F,62,Monocyte,Patient,NA,52.54039704,P19,1.72049335,Monocytes
CD14+ Monocytes,R016,36,F,18,Monocyte,Patient,NA,22.87073928,P11,1.359280203,Monocytes
CD14+ Monocytes,R007,61,M,16,Monocyte,Patient,NA,23.29754205,P04,1.367310104,Monocytes
CD14+ Monocytes,R023,24,F,35,Monocyte,Patient,NA,NA,P13,NA,Monocytes
CD14+ Monocytes,C7,57,NA,NA,Monocyte,Control,10,40.54701483,NA,1.607958886,Monocytes
CD14+ Monocytes,R006,51,M,18,Monocyte,Patient,NA,NA,P03,NA,Monocytes
CD14+ Monocytes,CA,35,NA,NA,Monocyte,Control,NA,27.8159005,NA,1.444293124,Monocytes
CD14+ Monocytes,R008,31,M,2,Monocyte,Patient,NA,36.22798741,P05,1.559044208,Monocytes
CD14+ Monocytes,C12,24,NA,NA,Monocyte,Control,10,7.733678658,NA,0.888386123,Monocytes
CD14+ Monocytes,C3,24,NA,NA,Monocyte,Control,10,NA,NA,NA,Monocytes
CD14+ Monocytes,CB,40,NA,NA,Monocyte,Control,NA,4.819683519,NA,0.683018522,Monocytes
CD14+ Monocytes,R067,25,M,49,Monocyte,Patient,NA,NA,P20,NA,Monocytes
CD14+ Monocytes,R081,65,M,11,Monocyte,Patient,NA,NA,P21,NA,Monocytes
CD14+ Monocytes,C4,58,NA,NA,Monocyte,Control,10,6.168630517,NA,0.790188758,Monocytes
CD14+ Monocytes,C8,69,NA,NA,Monocyte,Control,10,37.28483856,NA,1.571532267,Monocytes
CD14+ Monocytes,C9,22,NA,NA,Monocyte,Control,10,10.48258165,NA,1.020468254,Monocytes
CD16+ Monocytes,R024,60,F,16,Monocyte,Patient,NA,NA,P14,NA,Monocytes
CD16+ Monocytes,R009,51,F,13,Monocyte,Patient,NA,NA,P06,NA,Monocytes
CD16+ Monocytes,CC,43,NA,NA,Monocyte,Control,NA,44.30274196,NA,1.646430606,Monocytes
CD16+ Monocytes,R012,66,M,3,Monocyte,Patient,NA,3.440186044,P09,0.53658193,Monocytes
CD16+ Monocytes,R013,24,M,57,Monocyte,Patient,NA,36.93834136,P10,1.56747739,Monocytes
CD16+ Monocytes,R025,45,M,29,Monocyte,Patient,NA,NA,P15,NA,Monocytes
CD16+ Monocytes,R016,36,F,18,Monocyte,Patient,NA,4.977680994,P11,0.69702706,Monocytes
CD16+ Monocytes,CF,34,NA,NA,Monocyte,Control,NA,45.58223795,NA,1.658795644,Monocytes
CD16+ Monocytes,R002,60,M,21,Monocyte,Patient,NA,4.167270931,P01,0.619851737,Monocytes
CD16+ Monocytes,R010,56,F,11,Monocyte,Patient,NA,NA,P07,NA,Monocytes
CD16+ Monocytes,R006,51,M,17,Monocyte,Patient,NA,NA,P03,NA,Monocytes
CD16+ Monocytes,R017,31,F,35,Monocyte,Patient,NA,25.55164406,P12,1.407418849,Monocytes
CD16+ Monocytes,R023,24,F,35,Monocyte,Patient,NA,57.1203393,P13,1.756790779,Monocytes
CD16+ Monocytes,CD,33,NA,NA,Monocyte,Control,NA,17.61358834,NA,1.245847842,Monocytes
CD16+ Monocytes,R026,43,F,25,Monocyte,Patient,NA,6.242238873,P16,0.795340384,Monocytes
CD16+ Monocytes,R007,61,M,14,Monocyte,Patient,NA,NA,P04,NA,Monocytes
CD16+ Monocytes,R008,31,M,3,Monocyte,Patient,NA,2.40712871,P05,0.381499313,Monocytes
CD16+ Monocytes,R0149,18,F,66,Monocyte,Patient,NA,27.97951466,P22,1.446840177,Monocytes
CD16+ Monocytes,R011,41,M,31,Monocyte,Patient,NA,NA,P08,NA,Monocytes
CD16+ Monocytes,R027,46,F,10,Monocyte,Patient,NA,NA,P17,NA,Monocytes
CD16+ Monocytes,C10,23,NA,NA,Monocyte,Control,11,8.086112517,NA,0.90773978,Monocytes
CD16+ Monocytes,R004,58,F,19,Monocyte,Patient,NA,NA,P02,NA,Monocytes
CD16+ Monocytes,CE,40,NA,NA,Monocyte,Control,NA,26.73046192,NA,1.427006464,Monocytes
CD16+ Monocytes,CA,35,NA,NA,Monocyte,Control,NA,NA,NA,NA,Monocytes
CD16+ Monocytes,R028,24,F,39,Monocyte,Patient,NA,3.918658367,P18,0.593137403,Monocytes
CD16+ Monocytes,C11,23,NA,NA,Monocyte,Control,11,NA,NA,NA,Monocytes
CD16+ Monocytes,C12,24,NA,NA,Monocyte,Control,11,NA,NA,NA,Monocytes
CD16+ Monocytes,C3,24,NA,NA,Monocyte,Control,11,2.242893991,NA,0.350808747,Monocytes
CD16+ Monocytes,CB,40,NA,NA,Monocyte,Control,NA,10.98885716,NA,1.040952528,Monocytes
CD16+ Monocytes,R044,20,F,60,Monocyte,Patient,NA,19.03241382,P19,1.279493872,Monocytes
CD16+ Monocytes,R067,25,M,49,Monocyte,Patient,NA,NA,P20,NA,Monocytes
CD16+ Monocytes,R081,65,M,14,Monocyte,Patient,NA,NA,P21,NA,Monocytes
CD16+ Monocytes,C4,58,NA,NA,Monocyte,Control,11,11.63337066,NA,1.065705566,Monocytes
CD16+ Monocytes,C7,57,NA,NA,Monocyte,Control,11,6.650980232,NA,0.822885657,Monocytes
CD16+ Monocytes,C8,69,NA,NA,Monocyte,Control,11,22.26299516,NA,1.347583592,Monocytes
CD16+ Monocytes,C9,22,NA,NA,Monocyte,Control,11,6.672466334,NA,0.824286391,Monocytes
CD34+,R016,36,F,17,CD34+,Patient,NA,13.87134353,P11,1.142118527,CD34+
CD34+,C10,23,NA,NA,CD34+,Control,1,NA,NA,NA,CD34+
CD34+,R024,60,F,34,CD34+,Patient,NA,NA,P14,NA,CD34+
CD34+,R025,45,M,46,CD34+,Patient,NA,3.404600002,P15,0.532066095,CD34+
CD34+,R006,51,M,19,CD34+,Patient,NA,NA,P03,NA,CD34+
CD34+,R012,66,M,11,CD34+,Patient,NA,19.28284143,P09,1.28517103,CD34+
CD34+,R009,51,F,17,CD34+,Patient,NA,NA,P06,NA,CD34+
CD34+,R010,56,F,10,CD34+,Patient,NA,NA,P07,NA,CD34+
CD34+,R026,43,F,19,CD34+,Patient,NA,38.71585249,P16,1.587888827,CD34+
CD34+,R017,31,F,38,CD34+,Patient,NA,24.16660326,P12,1.383215612,CD34+
CD34+,C11,23,NA,NA,CD34+,Control,1,12.44387738,NA,1.094955723,CD34+
CD34+,C12,24,NA,NA,CD34+,Control,1,5.082739871,NA,0.706097884,CD34+
CD34+,R011,41,M,31,CD34+,Patient,NA,NA,P08,NA,CD34+
CD34+,R007,61,M,17,CD34+,Patient,NA,20.37281195,P04,1.309050977,CD34+
CD34+,R013,24,M,56,CD34+,Patient,NA,74.46560224,P10,1.871955706,CD34+
CD34+,R0149,18,F,69,CD34+,Patient,NA,44.08843829,P22,1.644324715,CD34+
CD34+,C3,24,NA,NA,CD34+,Control,1,11.01208878,NA,1.041869704,CD34+
CD34+,R027,46,F,24,CD34+,Patient,NA,NA,P17,NA,CD34+
CD34+,R002,60,M,23,CD34+,Patient,NA,23.67350532,P01,1.374262568,CD34+
CD34+,R004,58,F,22,CD34+,Patient,NA,NA,P02,NA,CD34+
CD34+,CA,35,NA,NA,CD34+,Control,NA,31.53173759,NA,1.498747904,CD34+
CD34+,CF,34,NA,NA,CD34+,Control,NA,80.33292633,NA,1.904893588,CD34+
CD34+,R023,24,F,32,CD34+,Patient,NA,127.2729838,P13,2.104736226,CD34+
CD34+,CD,33,NA,NA,CD34+,Control,NA,117.1227815,NA,2.068641378,CD34+
CD34+,CE,40,NA,NA,CD34+,Control,NA,55.5135203,NA,1.744398768,CD34+
CD34+,C4,58,NA,NA,CD34+,Control,1,6.10003454,NA,0.785332294,CD34+
CD34+,R008,31,M,5,CD34+,Patient,NA,14.3548592,P05,1.156998937,CD34+
CD34+,R044,20,F,62,CD34+,Patient,NA,20.38390343,P19,1.309287353,CD34+
CD34+,R067,25,M,48,CD34+,Patient,NA,NA,P20,NA,CD34+
CD34+,CB,40,NA,NA,CD34+,Control,NA,36.31637171,NA,1.560102453,CD34+
CD34+,R028,24,F,27,CD34+,Patient,NA,NA,P18,NA,CD34+
CD34+,C8,69,NA,NA,CD34+,Control,1,5.053424619,NA,0.703585792,CD34+
CD34+,C9,22,NA,NA,CD34+,Control,1,57.97943611,NA,1.763273987,CD34+
CD34+,R081,65,M,16,CD34+,Patient,NA,NA,P21,NA,CD34+
CD34+,C7,57,NA,NA,CD34+,Control,1,10.79076461,NA,1.033052219,CD34+
CD34+,CC,43,NA,NA,CD34+,Control,NA,79.24265556,NA,1.898959021,CD34+
CD4+ Memory T,R024,60,F,3,CD4 T,Patient,NA,11.60410279,P14,1.064611567,CD4+ T
CD4+ Memory T,R025,45,M,7,CD4 T,Patient,NA,5.381332108,P15,0.730889795,CD4+ T
CD4+ Memory T,R026,43,F,7,CD4 T,Patient,NA,24.24987548,P16,1.384709513,CD4+ T
CD4+ Memory T,R009,51,F,5,CD4 T,Patient,NA,9.631469224,P06,0.983692541,CD4+ T
CD4+ Memory T,R010,56,F,0,CD4 T,Patient,NA,NA,P07,NA,CD4+ T
CD4+ Memory T,R011,41,M,7,CD4 T,Patient,NA,NA,P08,NA,CD4+ T
CD4+ Memory T,R027,46,F,3,CD4 T,Patient,NA,21.39639178,P17,1.330340541,CD4+ T
CD4+ Memory T,C10,23,NA,NA,T,Control,7,18.5604648,NA,1.268588848,CD4+ T
CD4+ Memory T,C11,23,NA,NA,T,Control,7,8.527064646,NA,0.930799555,CD4+ T
CD4+ Memory T,R016,36,F,11,CD4 T,Patient,NA,137.5542902,P11,2.13847414,CD4+ T
CD4+ Memory T,R012,66,M,4,CD4 T,Patient,NA,6.251293664,P09,0.795969901,CD4+ T
CD4+ Memory T,R028,24,F,17,CD4 T,Patient,NA,9.391970431,P18,0.972756717,CD4+ T
CD4+ Memory T,R044,20,F,32,CD4 T,Patient,NA,43.44546369,P19,1.637944437,CD4+ T
CD4+ Memory T,C12,24,NA,NA,T,Control,7,23.62547673,NA,1.373380581,CD4+ T
CD4+ Memory T,R017,31,F,29,CD4 T,Patient,NA,8.456604052,P12,0.927195997,CD4+ T
CD4+ Memory T,R013,24,M,14,CD4 T,Patient,NA,10.1247149,P10,1.005382803,CD4+ T
CD4+ Memory T,R0149,18,F,36,CD4 T,Patient,NA,99.92702794,P22,1.999682971,CD4+ T
CD4+ Memory T,R067,25,M,14,CD4 T,Patient,NA,NA,P20,NA,CD4+ T
CD4+ Memory T,R007,61,M,0,CD4 T,Patient,NA,1.648118371,P04,0.2169884,CD4+ T
CD4+ Memory T,R023,24,F,12,CD4 T,Patient,NA,3.438621406,P13,0.536384362,CD4+ T
CD4+ Memory T,R002,60,M,3,CD4 T,Patient,NA,2.785102101,P01,0.444841121,CD4+ T
CD4+ Memory T,CD,33,NA,NA,T,Control,NA,38.89629382,NA,1.589908222,CD4+ T
CD4+ Memory T,C3,24,NA,NA,T,Control,7,NA,NA,NA,CD4+ T
CD4+ Memory T,R008,31,M,0,CD4 T,Patient,NA,5.246237087,P05,0.719847913,CD4+ T
CD4+ Memory T,C7,57,NA,NA,T,Control,7,NA,NA,NA,CD4+ T
CD4+ Memory T,R004,58,F,5,CD4 T,Patient,NA,NA,P02,NA,CD4+ T
CD4+ Memory T,R081,65,M,0,CD4 T,Patient,NA,NA,P21,NA,CD4+ T
CD4+ Memory T,C4,58,NA,NA,T,Control,7,4.018536358,NA,0.604067902,CD4+ T
CD4+ Memory T,CC,43,NA,NA,T,Control,NA,28.91020487,NA,1.461051169,CD4+ T
CD4+ Memory T,C8,69,NA,NA,T,Control,7,37.19194277,NA,1.570448865,CD4+ T
CD4+ Memory T,CA,35,NA,NA,T,Control,NA,38.9215142,NA,1.590189728,CD4+ T
CD4+ Memory T,CB,40,NA,NA,T,Control,NA,24.26682222,NA,1.385012908,CD4+ T
CD4+ Memory T,CE,40,NA,NA,T,Control,NA,31.55571567,NA,1.499078034,CD4+ T
CD4+ Memory T,CF,34,NA,NA,T,Control,NA,15.47621434,NA,1.189664736,CD4+ T
CD4+ Memory T,R006,51,M,4,CD4 T,Patient,NA,NA,P03,NA,CD4+ T
CD4+ Memory T,C9,22,NA,NA,T,Control,7,3.741901302,NA,0.573092328,CD4+ T
CD4+ Naive T,R024,60,F,4,CD4 T,Patient,NA,7.098331948,P14,0.851156305,CD4+ T
CD4+ Naive T,R025,45,M,18,CD4 T,Patient,NA,8.659851395,P15,0.937510439,CD4+ T
CD4+ Naive T,R009,51,F,7,CD4 T,Patient,NA,37.03921287,P06,1.568661749,CD4+ T
CD4+ Naive T,R010,56,F,2,CD4 T,Patient,NA,NA,P07,NA,CD4+ T
CD4+ Naive T,R012,66,M,4,CD4 T,Patient,NA,2.392265988,P09,0.378809466,CD4+ T
CD4+ Naive T,R013,24,M,37,CD4 T,Patient,NA,65.90243101,P10,1.818901435,CD4+ T
CD4+ Naive T,R0149,18,F,48,CD4 T,Patient,NA,NA,P22,NA,CD4+ T
CD4+ Naive T,R027,46,F,7,CD4 T,Patient,NA,26.83241024,P17,1.428659685,CD4+ T
CD4+ Naive T,C10,23,NA,NA,T,Control,6,NA,NA,NA,CD4+ T
CD4+ Naive T,C11,23,NA,NA,T,Control,6,14.01494006,NA,1.146591245,CD4+ T
CD4+ Naive T,R026,43,F,7,CD4 T,Patient,NA,33.32722947,P16,1.522799212,CD4+ T
CD4+ Naive T,R017,31,F,17,CD4 T,Patient,NA,14.34725803,P12,1.156768909,CD4+ T
CD4+ Naive T,R028,24,F,28,CD4 T,Patient,NA,12.26401566,P18,1.088632696,CD4+ T
CD4+ Naive T,R044,20,F,51,CD4 T,Patient,NA,82.16829204,P19,1.91470426,CD4+ T
CD4+ Naive T,R011,41,M,22,CD4 T,Patient,NA,NA,P08,NA,CD4+ T
CD4+ Naive T,R007,61,M,2,CD4 T,Patient,NA,2.375991825,P04,0.375844942,CD4+ T
CD4+ Naive T,R023,24,F,22,CD4 T,Patient,NA,13.94866966,P13,1.144532789,CD4+ T
CD4+ Naive T,CC,43,NA,NA,T,Control,NA,19.26276141,NA,1.284718545,CD4+ T
CD4+ Naive T,R016,36,F,7,CD4 T,Patient,NA,29.68027493,P11,1.47246792,CD4+ T
CD4+ Naive T,CA,35,NA,NA,T,Control,NA,40.46978062,NA,1.60713085,CD4+ T
CD4+ Naive T,R008,31,M,0,CD4 T,Patient,NA,3.182834696,P05,0.502814084,CD4+ T
CD4+ Naive T,R002,60,M,17,CD4 T,Patient,NA,18.61920466,P01,1.269961126,CD4+ T
CD4+ Naive T,C12,24,NA,NA,T,Control,6,NA,NA,NA,CD4+ T
CD4+ Naive T,C3,24,NA,NA,T,Control,6,NA,NA,NA,CD4+ T
CD4+ Naive T,CB,40,NA,NA,T,Control,NA,16.3836,NA,1.214409336,CD4+ T
CD4+ Naive T,C7,57,NA,NA,T,Control,6,NA,NA,NA,CD4+ T
CD4+ Naive T,R067,25,M,42,CD4 T,Patient,NA,NA,P20,NA,CD4+ T
CD4+ Naive T,R081,65,M,2,CD4 T,Patient,NA,NA,P21,NA,CD4+ T
CD4+ Naive T,C4,58,NA,NA,T,Control,6,5.071279088,NA,0.705117512,CD4+ T
CD4+ Naive T,CD,33,NA,NA,T,Control,NA,26.26060032,NA,1.41930465,CD4+ T
CD4+ Naive T,CE,40,NA,NA,T,Control,NA,62.23597424,NA,1.794041492,CD4+ T
CD4+ Naive T,CF,34,NA,NA,T,Control,NA,33.12741733,NA,1.520187579,CD4+ T
CD4+ Naive T,R004,58,F,9,CD4 T,Patient,NA,NA,P02,NA,CD4+ T
CD4+ Naive T,R006,51,M,8,CD4 T,Patient,NA,NA,P03,NA,CD4+ T
CD4+ Naive T,C8,69,NA,NA,T,Control,6,83.07700063,NA,1.919480809,CD4+ T
CD4+ Naive T,C9,22,NA,NA,T,Control,6,NA,NA,NA,CD4+ T
CD8+ Memory T,R024,60,F,3,CD8 T,Patient,NA,NA,P14,NA,CD8+ T
CD8+ Memory T,R009,51,F,3,CD8 T,Patient,NA,9.308938393,P06,0.968900156,CD8+ T
CD8+ Memory T,R012,66,M,2,CD8 T,Patient,NA,1.626165822,P09,0.211164829,CD8+ T
CD8+ Memory T,R013,24,M,10,CD8 T,Patient,NA,33.00777922,P10,1.518616306,CD8+ T
CD8+ Memory T,R017,31,F,27,CD8 T,Patient,NA,7.226375997,P12,0.858920555,CD8+ T
CD8+ Memory T,R023,24,F,17,CD8 T,Patient,NA,8.384788929,P13,0.923492135,CD8+ T
CD8+ Memory T,R025,45,M,6,CD8 T,Patient,NA,3.821358097,P15,0.582217737,CD8+ T
CD8+ Memory T,R016,36,F,9,CD8 T,Patient,NA,5.996830109,P11,0.777921745,CD8+ T
CD8+ Memory T,R027,46,F,3,CD8 T,Patient,NA,18.15411477,P17,1.258975077,CD8+ T
CD8+ Memory T,C10,23,NA,NA,T,Control,9,32.90883719,NA,1.517312537,CD8+ T
CD8+ Memory T,R010,56,F,4,CD8 T,Patient,NA,NA,P07,NA,CD8+ T
CD8+ Memory T,R026,43,F,8,CD8 T,Patient,NA,11.08891549,P16,1.044889074,CD8+ T
CD8+ Memory T,R007,61,M,0,CD8 T,Patient,NA,NA,P04,NA,CD8+ T
CD8+ Memory T,R028,24,F,30,CD8 T,Patient,NA,15.39149961,P18,1.187280936,CD8+ T
CD8+ Memory T,R0149,18,F,27,CD8 T,Patient,NA,81.16700865,P22,1.909379541,CD8+ T
CD8+ Memory T,R011,41,M,4,CD8 T,Patient,NA,NA,P08,NA,CD8+ T
CD8+ Memory T,CA,35,NA,NA,T,Control,NA,32.98932388,NA,1.518373415,CD8+ T
CD8+ Memory T,R008,31,M,0,CD8 T,Patient,NA,6.997036417,P05,0.844914134,CD8+ T
CD8+ Memory T,C11,23,NA,NA,T,Control,9,NA,NA,NA,CD8+ T
CD8+ Memory T,CD,33,NA,NA,T,Control,NA,22.42868626,NA,1.350803836,CD8+ T
CD8+ Memory T,CE,40,NA,NA,T,Control,NA,26.09897783,NA,1.416623499,CD8+ T
CD8+ Memory T,CB,40,NA,NA,T,Control,NA,13.99292551,NA,1.145908522,CD8+ T
CD8+ Memory T,R044,20,F,42,CD8 T,Patient,NA,60.27072862,P19,1.780106442,CD8+ T
CD8+ Memory T,C12,24,NA,NA,T,Control,9,1.521957006,NA,0.182402384,CD8+ T
CD8+ Memory T,C3,24,NA,NA,T,Control,9,6.227926314,NA,0.794343466,CD8+ T
CD8+ Memory T,CF,34,NA,NA,T,Control,NA,15.76211343,NA,1.197614448,CD8+ T
CD8+ Memory T,CC,43,NA,NA,T,Control,NA,35.46705475,NA,1.549825125,CD8+ T
CD8+ Memory T,R067,25,M,25,CD8 T,Patient,NA,NA,P20,NA,CD8+ T
CD8+ Memory T,R081,65,M,1,CD8 T,Patient,NA,NA,P21,NA,CD8+ T
CD8+ Memory T,C4,58,NA,NA,T,Control,9,NA,NA,NA,CD8+ T
CD8+ Memory T,R002,60,M,1,CD8 T,Patient,NA,3.531996226,P01,0.548020231,CD8+ T
CD8+ Memory T,R004,58,F,3,CD8 T,Patient,NA,NA,P02,NA,CD8+ T
CD8+ Memory T,R006,51,M,4,CD8 T,Patient,NA,NA,P03,NA,CD8+ T
CD8+ Memory T,C7,57,NA,NA,T,Control,9,NA,NA,NA,CD8+ T
CD8+ Memory T,C8,69,NA,NA,T,Control,9,40.08602573,NA,1.602993001,CD8+ T
CD8+ Memory T,C9,22,NA,NA,T,Control,9,NA,NA,NA,CD8+ T
CD8+ Naive T,R016,36,F,8,CD8 T,Patient,NA,5.975322319,P11,0.776361337,CD8+ T
CD8+ Naive T,R026,43,F,14,CD8 T,Patient,NA,37.51911374,P16,1.574252571,CD8+ T
CD8+ Naive T,C10,23,NA,NA,T,Control,8,4.192231779,NA,0.622445286,CD8+ T
CD8+ Naive T,R024,60,F,4,CD8 T,Patient,NA,NA,P14,NA,CD8+ T
CD8+ Naive T,R025,45,M,16,CD8 T,Patient,NA,3.803300452,P15,0.580160635,CD8+ T
CD8+ Naive T,C3,24,NA,NA,T,Control,8,22.50783339,NA,1.352333692,CD8+ T
CD8+ Naive T,R017,31,F,24,CD8 T,Patient,NA,8.875564509,P12,0.948195985,CD8+ T
CD8+ Naive T,C11,23,NA,NA,T,Control,8,18.37954184,NA,1.264334681,CD8+ T
CD8+ Naive T,C12,24,NA,NA,T,Control,8,5.651536962,NA,0.752166572,CD8+ T
CD8+ Naive T,R007,61,M,0,CD8 T,Patient,NA,2.737558479,P04,0.437363405,CD8+ T
CD8+ Naive T,R027,46,F,7,CD8 T,Patient,NA,64.35039754,P17,1.808551234,CD8+ T
CD8+ Naive T,R013,24,M,33,CD8 T,Patient,NA,53.07455713,P10,1.724886379,CD8+ T
CD8+ Naive T,R0149,18,F,52,CD8 T,Patient,NA,115.7075449,P22,2.063361679,CD8+ T
CD8+ Naive T,CA,35,NA,NA,T,Control,NA,53.84190293,NA,1.731120401,CD8+ T
CD8+ Naive T,R012,66,M,4,CD8 T,Patient,NA,10.41652879,P09,1.017723019,CD8+ T
CD8+ Naive T,R023,24,F,24,CD8 T,Patient,NA,41.6794085,P13,1.619921547,CD8+ T
CD8+ Naive T,R010,56,F,3,CD8 T,Patient,NA,NA,P07,NA,CD8+ T
CD8+ Naive T,R011,41,M,21,CD8 T,Patient,NA,NA,P08,NA,CD8+ T
CD8+ Naive T,C4,58,NA,NA,T,Control,8,48.45658917,NA,1.685352841,CD8+ T
CD8+ Naive T,R028,24,F,31,CD8 T,Patient,NA,16.0744114,P18,1.206135079,CD8+ T
CD8+ Naive T,CD,33,NA,NA,T,Control,NA,44.66042591,NA,1.64992286,CD8+ T
CD8+ Naive T,CE,40,NA,NA,T,Control,NA,54.85980835,NA,1.739254286,CD8+ T
CD8+ Naive T,R008,31,M,0,CD8 T,Patient,NA,NA,P05,NA,CD8+ T
CD8+ Naive T,R002,60,M,13,CD8 T,Patient,NA,35.78574433,P01,1.553710055,CD8+ T
CD8+ Naive T,R044,20,F,56,CD8 T,Patient,NA,149.6683949,P19,2.175130101,CD8+ T
CD8+ Naive T,R067,25,M,41,CD8 T,Patient,NA,NA,P20,NA,CD8+ T
CD8+ Naive T,CB,40,NA,NA,T,Control,NA,27.86297894,NA,1.445027547,CD8+ T
CD8+ Naive T,C7,57,NA,NA,T,Control,8,48.77263498,NA,1.688176219,CD8+ T
CD8+ Naive T,R004,58,F,8,CD8 T,Patient,NA,NA,P02,NA,CD8+ T
CD8+ Naive T,R006,51,M,8,CD8 T,Patient,NA,NA,P03,NA,CD8+ T
CD8+ Naive T,CF,34,NA,NA,T,Control,NA,19.23835308,NA,1.284167891,CD8+ T
CD8+ Naive T,R009,51,F,5,CD8 T,Patient,NA,NA,P06,NA,CD8+ T
CD8+ Naive T,C8,69,NA,NA,T,Control,8,23.15654503,NA,1.364673763,CD8+ T
CD8+ Naive T,C9,22,NA,NA,T,Control,8,NA,NA,NA,CD8+ T
CD8+ Naive T,R081,65,M,3,CD8 T,Patient,NA,NA,P21,NA,CD8+ T
CD8+ Naive T,CC,43,NA,NA,T,Control,NA,38.33781863,NA,1.583627398,CD8+ T
Immature NK,R024,60,F,19,Natural Killer,Patient,NA,19.04446421,P14,1.279768759,Natural Killer
Immature NK,R025,45,M,29,Natural Killer,Patient,NA,NA,P15,NA,Natural Killer
Immature NK,R026,43,F,30,Natural Killer,Patient,NA,1.904622568,P16,0.279808926,Natural Killer
Immature NK,R027,46,F,12,Natural Killer,Patient,NA,17.09478763,P17,1.23286371,Natural Killer
Immature NK,C10,23,NA,NA,Natural Killer,Control,4,NA,NA,NA,Natural Killer
Immature NK,C11,23,NA,NA,Natural Killer,Control,4,2.209078139,NA,0.344211078,Natural Killer
Immature NK,C12,24,NA,NA,Natural Killer,Control,4,NA,NA,NA,Natural Killer
Immature NK,R017,31,F,40,Natural Killer,Patient,NA,7.107845701,P12,0.851737991,Natural Killer
Immature NK,R028,24,F,41,Natural Killer,Patient,NA,8.344071341,P18,0.921378009,Natural Killer
Immature NK,R044,20,F,67,Natural Killer,Patient,NA,47.6286825,P19,1.677868568,Natural Killer
Immature NK,R067,25,M,25,Natural Killer,Patient,NA,NA,P20,NA,Natural Killer
Immature NK,C3,24,NA,NA,Natural Killer,Control,4,16.54213954,NA,1.21859168,Natural Killer
Immature NK,R023,24,F,32,Natural Killer,Patient,NA,30.04092377,P13,1.477713283,Natural Killer
Immature NK,R013,24,M,61,Natural Killer,Patient,NA,57.30072122,P10,1.758160088,Natural Killer
Immature NK,R010,56,F,10,Natural Killer,Patient,NA,NA,P07,NA,Natural Killer
Immature NK,R081,65,M,11,Natural Killer,Patient,NA,NA,P21,NA,Natural Killer
Immature NK,C4,58,NA,NA,Natural Killer,Control,4,3.261327646,NA,0.513394432,Natural Killer
Immature NK,R002,60,M,24,Natural Killer,Patient,NA,6.707423164,P01,0.826555706,Natural Killer
Immature NK,CD,33,NA,NA,Natural Killer,Control,NA,22.68634724,NA,1.355764575,Natural Killer
Immature NK,R007,61,M,14,Natural Killer,Patient,NA,2.564365397,P04,0.408979908,Natural Killer
Immature NK,R008,31,M,4,Natural Killer,Patient,NA,3.404750767,P05,0.532085326,Natural Killer
Immature NK,C7,57,NA,NA,Natural Killer,Control,4,11.00530237,NA,1.041601979,Natural Killer
Immature NK,R0149,18,F,69,Natural Killer,Patient,NA,4.60412316,P22,0.663146933,Natural Killer
Immature NK,CA,35,NA,NA,Natural Killer,Control,NA,23.07761125,NA,1.363190853,Natural Killer
Immature NK,CB,40,NA,NA,Natural Killer,Control,NA,14.15367638,NA,1.150869261,Natural Killer
Immature NK,R009,51,F,8,Natural Killer,Patient,NA,4.136581515,P06,0.616641587,Natural Killer
Immature NK,R004,58,F,15,Natural Killer,Patient,NA,NA,P02,NA,Natural Killer
Immature NK,R011,41,M,35,Natural Killer,Patient,NA,NA,P08,NA,Natural Killer
Immature NK,R012,66,M,8,Natural Killer,Patient,NA,1.570139085,P09,0.195938125,Natural Killer
Immature NK,CC,43,NA,NA,Natural Killer,Control,NA,13.13470435,NA,1.118420302,Natural Killer
Immature NK,C8,69,NA,NA,Natural Killer,Control,4,25.31603836,NA,1.403395745,Natural Killer
Immature NK,CE,40,NA,NA,Natural Killer,Control,NA,14.50256138,NA,1.161444712,Natural Killer
Immature NK,CF,34,NA,NA,Natural Killer,Control,NA,7.844842271,NA,0.894584216,Natural Killer
Immature NK,R016,36,F,21,Natural Killer,Patient,NA,35.43004835,P11,1.549371745,Natural Killer
Immature NK,R006,51,M,18,Natural Killer,Patient,NA,NA,P03,NA,Natural Killer
Immature NK,C9,22,NA,NA,Natural Killer,Control,4,13.91986185,NA,1.143634925,Natural Killer
Mature NK,R024,60,F,18,Natural Killer,Patient,NA,4.101769565,P14,0.612971258,Natural Killer
Mature NK,R025,45,M,27,Natural Killer,Patient,NA,2.517312067,P15,0.400937058,Natural Killer
Mature NK,R027,46,F,12,Natural Killer,Patient,NA,32.97416296,P17,1.51817378,Natural Killer
Mature NK,C10,23,NA,NA,Natural Killer,Control,5,2.186694819,NA,0.339788176,Natural Killer
Mature NK,C11,23,NA,NA,Natural Killer,Control,5,1.39686092,NA,0.145153167,Natural Killer
Mature NK,R017,31,F,31,Natural Killer,Patient,NA,3.558000405,P12,0.551205993,Natural Killer
Mature NK,R028,24,F,38,Natural Killer,Patient,NA,4.384630493,P18,0.641933,Natural Killer
Mature NK,R044,20,F,68,Natural Killer,Patient,NA,59.09590453,P19,1.771557384,Natural Killer
Mature NK,R007,61,M,15,Natural Killer,Patient,NA,4.507222784,P04,0.653909025,Natural Killer
Mature NK,R023,24,F,37,Natural Killer,Patient,NA,30.86959561,P13,1.48953094,Natural Killer
Mature NK,R009,51,F,11,Natural Killer,Patient,NA,NA,P06,NA,Natural Killer
Mature NK,R026,43,F,30,Natural Killer,Patient,NA,20.46712212,P16,1.311056781,Natural Killer
Mature NK,CA,35,NA,NA,Natural Killer,Control,NA,28.24170775,NA,1.450890954,Natural Killer
Mature NK,R008,31,M,4,Natural Killer,Patient,NA,NA,P05,NA,Natural Killer
Mature NK,CC,43,NA,NA,Natural Killer,Control,NA,17.8277656,NA,1.251096915,Natural Killer
Mature NK,C12,24,NA,NA,Natural Killer,Control,5,9.369506763,NA,0.971716729,Natural Killer
Mature NK,C3,24,NA,NA,Natural Killer,Control,5,NA,NA,NA,Natural Killer
Mature NK,CB,40,NA,NA,Natural Killer,Control,NA,10.47757505,NA,1.02026078,Natural Killer
Mature NK,R013,24,M,57,Natural Killer,Patient,NA,6.763847494,P10,0.830193807,Natural Killer
Mature NK,R067,25,M,46,Natural Killer,Patient,NA,NA,P20,NA,Natural Killer
Mature NK,R081,65,M,12,Natural Killer,Patient,NA,NA,P21,NA,Natural Killer
Mature NK,C4,58,NA,NA,Natural Killer,Control,5,5.295844321,NA,0.72393521,Natural Killer
Mature NK,R002,60,M,25,Natural Killer,Patient,NA,2.63694545,P01,0.421101146,Natural Killer
Mature NK,R010,56,F,7,Natural Killer,Patient,NA,NA,P07,NA,Natural Killer
Mature NK,R011,41,M,28,Natural Killer,Patient,NA,NA,P08,NA,Natural Killer
Mature NK,R012,66,M,11,Natural Killer,Patient,NA,NA,P09,NA,Natural Killer
Mature NK,C7,57,NA,NA,Natural Killer,Control,5,20.94923728,NA,1.321168216,Natural Killer
Mature NK,CD,33,NA,NA,Natural Killer,Control,NA,16.79407522,NA,1.225156094,Natural Killer
Mature NK,CE,40,NA,NA,Natural Killer,Control,NA,12.20333773,NA,1.086478631,Natural Killer
Mature NK,CF,34,NA,NA,Natural Killer,Control,NA,18.45730734,NA,1.266168344,Natural Killer
Mature NK,R0149,18,F,74,Natural Killer,Patient,NA,24.58026546,P22,1.390586569,Natural Killer
Mature NK,R016,36,F,20,Natural Killer,Patient,NA,8.992221976,P11,0.953867019,Natural Killer
Mature NK,R004,58,F,19,Natural Killer,Patient,NA,NA,P02,NA,Natural Killer
Mature NK,R006,51,M,16,Natural Killer,Patient,NA,NA,P03,NA,Natural Killer
Mature NK,C8,69,NA,NA,Natural Killer,Control,5,21.52580575,NA,1.332959417,Natural Killer
Mature NK,C9,22,NA,NA,Natural Killer,Control,5,2.548034282,NA,0.406205267,Natural Killer
Memory B,R024,60,F,12,B,Patient,NA,NA,P14,NA,B Cells
Memory B,R027,46,F,4,B,Patient,NA,35.47505306,P17,1.549923054,B Cells
Memory B,C10,23,NA,NA,B,Control,3,15.61780419,NA,1.193619974,B Cells
Memory B,R017,31,F,27,B,Patient,NA,15.71570531,P12,1.196333877,B Cells
Memory B,R028,24,F,43,B,Patient,NA,29.91273246,P18,1.475856087,B Cells
Memory B,R007,61,M,7,B,Patient,NA,13.90274215,P04,1.143100468,B Cells
Memory B,R023,24,F,29,B,Patient,NA,21.17189424,P13,1.325759716,B Cells
Memory B,R025,45,M,22,B,Patient,NA,12.94279695,P15,1.112028138,B Cells
Memory B,R026,43,F,44,B,Patient,NA,44.87008497,P16,1.651956892,B Cells
Memory B,CA,35,NA,NA,B,Control,NA,51.9274483,NA,1.715396982,B Cells
Memory B,R008,31,M,4,B,Patient,NA,113.6939752,P05,2.055737451,B Cells
Memory B,C11,23,NA,NA,B,Control,3,27.80271269,NA,1.444087172,B Cells
Memory B,R010,56,F,5,B,Patient,NA,NA,P07,NA,B Cells
Memory B,R011,41,M,25,B,Patient,NA,NA,P08,NA,B Cells
Memory B,CB,40,NA,NA,B,Control,NA,24.05164101,NA,1.381144713,B Cells
Memory B,R044,20,F,64,B,Patient,NA,211.6505007,P19,2.3256193,B Cells
Memory B,CD,33,NA,NA,B,Control,NA,38.55138869,NA,1.586040027,B Cells
Memory B,CE,40,NA,NA,B,Control,NA,56.17655897,NA,1.749555133,B Cells
Memory B,R012,66,M,20,B,Patient,NA,16.57157657,P09,1.219363828,B Cells
Memory B,R009,51,F,10,B,Patient,NA,39.97881688,P06,1.601829938,B Cells
Memory B,C12,24,NA,NA,B,Control,3,NA,NA,NA,B Cells
Memory B,C3,24,NA,NA,B,Control,3,8.795599246,NA,0.944265433,B Cells
Memory B,CF,34,NA,NA,B,Control,NA,12.45769335,NA,1.095437636,B Cells
Memory B,CC,43,NA,NA,B,Control,NA,30.3045103,NA,1.481507271,B Cells
Memory B,R067,25,M,41,B,Patient,NA,NA,P20,NA,B Cells
Memory B,R081,65,M,6,B,Patient,NA,NA,P21,NA,B Cells
Memory B,C4,58,NA,NA,B,Control,3,17.21147325,NA,1.235818046,B Cells
Memory B,R013,24,M,54,B,Patient,NA,67.41686599,P10,1.82876856,B Cells
Memory B,R0149,18,F,59,B,Patient,NA,38.84901618,P22,1.589380025,B Cells
Memory B,R016,36,F,26,B,Patient,NA,36.13840762,P11,1.557969012,B Cells
Memory B,R002,60,M,18,B,Patient,NA,7.797123433,P01,0.891934409,B Cells
Memory B,R004,58,F,13,B,Patient,NA,NA,P02,NA,B Cells
Memory B,R006,51,M,14,B,Patient,NA,NA,P03,NA,B Cells
Memory B,C7,57,NA,NA,B,Control,3,79.65877187,NA,1.901233606,B Cells
Memory B,C8,69,NA,NA,B,Control,3,63.29731789,NA,1.801385308,B Cells
Memory B,C9,22,NA,NA,B,Control,3,21.04352893,NA,1.323118571,B Cells
Naive B,C3,24,NA,NA,B,Control,2,29.10229139,NA,1.463927185,B Cells
Naive B,R017,31,F,29,B,Patient,NA,16.44937503,P12,1.216149402,B Cells
Naive B,R007,61,M,11,B,Patient,NA,NA,P04,NA,B Cells
Naive B,C10,23,NA,NA,B,Control,2,NA,NA,NA,B Cells
Naive B,C11,23,NA,NA,B,Control,2,4.564686412,NA,0.659410947,B Cells
Naive B,C12,24,NA,NA,B,Control,2,15.25076887,NA,1.183291739,B Cells
Naive B,CA,35,NA,NA,B,Control,NA,65.09235154,NA,1.813529961,B Cells
Naive B,C4,58,NA,NA,B,Control,2,12.9638642,NA,1.112734473,B Cells
Naive B,R028,24,F,37,B,Patient,NA,23.37587186,P18,1.368767818,B Cells
Naive B,R025,45,M,27,B,Patient,NA,NA,P15,NA,B Cells
Naive B,R026,43,F,29,B,Patient,NA,48.90075674,P16,1.68931558,B Cells
Naive B,R023,24,F,33,B,Patient,NA,39.66816635,P13,1.598442126,B Cells
Naive B,R013,24,M,57,B,Patient,NA,53.85157373,P10,1.731198399,B Cells
Naive B,R010,56,F,9,B,Patient,NA,NA,P07,NA,B Cells
Naive B,R011,41,M,33,B,Patient,NA,NA,P08,NA,B Cells
Naive B,R008,31,M,5,B,Patient,NA,77.46979848,P05,1.889132426,B Cells
Naive B,R002,60,M,18,B,Patient,NA,8.287405616,P01,0.918418595,B Cells
Naive B,CD,33,NA,NA,B,Control,NA,26.26840863,NA,1.419433764,B Cells
Naive B,CE,40,NA,NA,B,Control,NA,44.34668423,NA,1.646861154,B Cells
Naive B,CB,40,NA,NA,B,Control,NA,16.38847148,NA,1.21453845,B Cells
Naive B,C7,57,NA,NA,B,Control,2,26.78791018,NA,1.427938834,B Cells
Naive B,R044,20,F,64,B,Patient,NA,140.8444152,P19,2.148739631,B Cells
Naive B,R067,25,M,46,B,Patient,NA,NA,P20,NA,B Cells
Naive B,R027,46,F,8,B,Patient,NA,32.33777501,P17,1.509710135,B Cells
Naive B,R024,60,F,18,B,Patient,NA,26.93121696,P14,1.430255979,B Cells
Naive B,R0149,18,F,64,B,Patient,NA,91.76340659,P22,1.962669528,B Cells
Naive B,R016,36,F,19,B,Patient,NA,68.43800926,P11,1.835297368,B Cells
Naive B,R012,66,M,7,B,Patient,NA,9.228741487,P09,0.965142481,B Cells
Naive B,R009,51,F,19,B,Patient,NA,5.452589023,P06,0.736602765,B Cells
Naive B,R004,58,F,15,B,Patient,NA,NA,P02,NA,B Cells
Naive B,R006,51,M,17,B,Patient,NA,NA,P03,NA,B Cells
Naive B,CF,34,NA,NA,B,Control,NA,36.88880747,NA,1.566894616,B Cells
Naive B,CC,43,NA,NA,B,Control,NA,34.21785317,NA,1.534252758,B Cells
Naive B,C8,69,NA,NA,B,Control,2,11.30136244,NA,1.053130803,B Cells
Naive B,C9,22,NA,NA,B,Control,2,6.342612416,NA,0.802268173,B Cells
Naive B,R081,65,M,13,B,Patient,NA,NA,P21,NA,B Cells
